{
  "_format": "hh-sol-cache-2",
  "files": {
    "/media/vishnu/New Volume/InkYank/Task1/backend/contracts/Calculator.sol": {
      "lastModificationDate": 1750785841851,
      "contentHash": "5b3bb8a8c5f47aa8730fb527449875ea",
      "sourceName": "contracts/Calculator.sol",
      "solcConfig": {
        "version": "0.8.20",
        "settings": {
          "evmVersion": "paris",
          "optimizer": {
            "enabled": false,
            "runs": 200
          },
          "outputSelection": {
            "*": {
              "*": [
                "abi",
                "evm.bytecode",
                "evm.deployedBytecode",
                "evm.methodIdentifiers",
                "metadata"
              ],
              "": [
                "ast"
              ]
            }
          }
        }
      },
      "imports": [],
      "versionPragmas": [
        "^0.8.20"
      ],
      "artifacts": [
        "Calculator"
      ]
    }
  }
}
